140,ACME,beep,24 NORTH LAKEVIEW RD,Salt Lake City,Nevada,NC1231,Coyote,Bette,Brendon,Romanth.Amherst@nytimes.com,Show,999-555-8842,999-123-4567 111,Forrest.Foss@hotmail.net,41231,121,Vendor A,AA,12345
432,BMO,masking,129 WHITMORE STREET,Elk Grove,Ontraio,D2F1B9,Delphix,Carolin,Ockley,Dillon.Chittenden@hotmail.gov,Bank of Stuff,406-555-8836,406-604-6464 123,Raleigh.Ackers@hotmail.gov,12312,90,Vendor B,BB,23456
567,DELPHIX,virtual,227 18TH STREET,Stockton,Ontraio,48451,Bitt Designs,Lezlie,Alverston,Fleming.Eytinge@fmr.edu,Delphix,810 555 7322,810 856 3709 125,Damon.Botolph@hotmail.com,63252,12,Vendor C,AA,34567
809,NASA,space,193 BROOKSIDE PKWY,Everett,World,A1B2C3,Space X,Janet,Audley,Drake.Craig@msn.uk,National Rent a Car,800-555-2355,800-555-9999 127,Roscoe.Banvard@msn.uk,84642,554,Vendor D,BB,45678
918,WEATHER,cold,162 STANHOPE ST,Vallejo,Ontraio,11111 1222,Channel,Harriette,Dixie,Romeo.Audley@hotmail.net,What Weather,888-555-3939,888-888-1234 129,Duncan.Denton@hotmail.us,26323,3,Vendor E,CC,56789
